C,class_weight,preproc,pixels_per_cell,orientations,feature_dim,accuracy,macro_f1,fit_seconds,n_iter,converged
0.01,,raw_gray,8,9,900,0.8928480204342273,0.8720435138008644,33.87035773899697,13,True
0.1,,raw_gray,8,9,900,0.8969348659003832,0.8818691184758434,36.17710120200354,15,True
1.0,,raw_gray,8,9,900,0.8942528735632184,0.8800646161911508,41.33691913599614,20,True
10.0,,raw_gray,8,9,900,0.8796934865900383,0.864435724498712,60.7309794899993,75,True
0.01,balanced,raw_gray,8,9,900,0.8913154533844189,0.8771546021411669,35.00210741299816,12,True
0.1,balanced,raw_gray,8,9,900,0.8947637292464878,0.8807316540179828,36.34592630499537,15,True
1.0,balanced,raw_gray,8,9,900,0.8933588761174968,0.8769608032904126,43.24543512499804,30,True
10.0,balanced,raw_gray,8,9,900,0.8804597701149425,0.862934511392462,216.75885319100053,108,True
0.01,,raw_gray,8,12,1200,0.8873563218390804,0.8664762010897669,42.35498772400024,12,True
0.1,,raw_gray,8,12,1200,0.890676883780332,0.8764662586279148,44.39675510300003,15,True
1.0,,raw_gray,8,12,1200,0.8871008939974457,0.8689749868925789,51.04658569100138,22,True
10.0,,raw_gray,8,12,1200,0.8749680715197956,0.8540299681159649,97.61649845400098,86,True
0.01,balanced,raw_gray,8,12,1200,0.8851851851851852,0.8715584436752168,43.15076748499996,12,True
0.1,balanced,raw_gray,8,12,1200,0.8891443167305236,0.8731615291421837,45.15114663699933,15,True
1.0,balanced,raw_gray,8,12,1200,0.8853128991060025,0.8637174340114728,54.913463182005216,39,True
10.0,balanced,raw_gray,8,12,1200,0.8772669220945083,0.8532726188519647,92.99073770099494,151,True
0.01,,raw_gray,6,9,1764,0.9286079182630906,0.9141152274210103,60.126301701995544,12,True
0.1,,raw_gray,6,9,1764,0.9270753512132822,0.9113438466181917,62.780709482998645,15,True
1.0,,raw_gray,6,9,1764,0.9201787994891443,0.9017104369702863,85.64442949699878,36,True
10.0,,raw_gray,6,9,1764,0.9094508301404853,0.887765899312085,110.07207434200245,91,True
0.01,balanced,raw_gray,6,9,1764,0.929757343550447,0.9175187269095335,65.81920101599826,13,True
0.1,balanced,raw_gray,6,9,1764,0.9277139208173691,0.9133554292108741,73.19839856900217,15,True
1.0,balanced,raw_gray,6,9,1764,0.9206896551724137,0.9015264708172244,114.42105051399994,73,True
10.0,balanced,raw_gray,6,9,1764,0.9126436781609195,0.8913201159557939,124.42570330099988,123,True
0.01,,raw_gray,6,12,2352,0.9257982120051086,0.9071355844919166,81.74134135899658,12,True
0.1,,raw_gray,6,12,2352,0.9245210727969349,0.9090238981314344,95.20133575100044,15,True
1.0,,raw_gray,6,12,2352,0.9183908045977012,0.900505712310462,113.09739371899923,46,True
10.0,,raw_gray,6,12,2352,0.9122605363984674,0.8922813889063156,134.0639749059992,110,True
0.01,balanced,raw_gray,6,12,2352,0.9289910600255428,0.9139936315841461,80.1051850110016,13,True
0.1,balanced,raw_gray,6,12,2352,0.9259259259259259,0.9092333956026425,84.93415903300047,19,True
1.0,balanced,raw_gray,6,12,2352,0.9200510855683269,0.9017514190980372,152.68626320300245,83,True
10.0,balanced,raw_gray,6,12,2352,0.9128991060025543,0.8943470825514807,158.5615083090015,181,True
0.01,,clahe_gray,8,9,900,0.8859514687100895,0.8646071431737893,37.5597908330019,12,True
0.1,,clahe_gray,8,9,900,0.89272030651341,0.8826043142293939,39.623903204999806,15,True
1.0,,clahe_gray,8,9,900,0.8879948914431673,0.8768183965608987,44.44888732599793,19,True
10.0,,clahe_gray,8,9,900,0.879565772669221,0.863444127244982,65.36712093900132,67,True
0.01,balanced,clahe_gray,8,9,900,0.8891443167305236,0.8759252606081216,61.311941908003064,12,True
0.1,balanced,clahe_gray,8,9,900,0.8919540229885058,0.8789448500458288,63.71280273299635,16,True
1.0,balanced,clahe_gray,8,9,900,0.8876117496807152,0.8729914791808407,47.83367205399554,33,True
10.0,balanced,clahe_gray,8,9,900,0.881992337164751,0.8659730959782476,74.86838446200272,137,True
0.01,,clahe_gray,8,12,1200,0.8851851851851852,0.865571099331192,45.621703201002674,12,True
0.1,,clahe_gray,8,12,1200,0.8914431673052363,0.8765541724285955,48.604919974997756,15,True
1.0,,clahe_gray,8,12,1200,0.8871008939974457,0.8720961710380553,55.39050009500352,21,True
10.0,,clahe_gray,8,12,1200,0.8763729246487867,0.8551013056770826,87.2099439970043,87,True
0.01,balanced,clahe_gray,8,12,1200,0.8897828863346104,0.8762348377623326,66.4623089759989,13,True
0.1,balanced,clahe_gray,8,12,1200,0.8905491698595147,0.8753899547881298,59.356691326000146,15,True
1.0,balanced,clahe_gray,8,12,1200,0.8849297573435504,0.8669702879624787,62.975470003002556,38,True
10.0,balanced,clahe_gray,8,12,1200,0.8766283524904215,0.8561914763558195,99.9195701360004,144,True
0.01,,clahe_gray,6,9,1764,0.9260536398467433,0.9095461267133593,87.78760581299866,12,True
0.1,,clahe_gray,6,9,1764,0.9250319284802043,0.9121484346790776,64.64808814800199,15,True
1.0,,clahe_gray,6,9,1764,0.9160919540229885,0.8994678560071212,86.13597976000165,35,True
10.0,,clahe_gray,6,9,1764,0.9090676883780332,0.8911578707142318,142.34157251899887,80,True
0.01,balanced,clahe_gray,6,9,1764,0.9264367816091954,0.9137506350318404,151.77316821600107,13,True
0.1,balanced,clahe_gray,6,9,1764,0.923882503192848,0.9091049080749922,131.3423077910047,16,True
1.0,balanced,clahe_gray,6,9,1764,0.916602809706258,0.899626035613268,219.8956334100003,81,True
10.0,balanced,clahe_gray,6,9,1764,0.9106002554278416,0.893573445788275,264.0922717670037,117,True
0.01,,clahe_gray,6,12,2352,0.9257982120051086,0.9108415064036084,166.31279230600194,12,True
0.1,,clahe_gray,6,12,2352,0.9246487867177522,0.9097329538395212,174.21678682699712,15,True
1.0,,clahe_gray,6,12,2352,0.913154533844189,0.8952511133292467,244.4151689930004,42,True
10.0,,clahe_gray,6,12,2352,0.906896551724138,0.8885938081111182,285.3546608250035,100,True
0.01,balanced,clahe_gray,6,12,2352,0.9272030651340997,0.9117565424965508,164.13917592400685,13,True
0.1,balanced,clahe_gray,6,12,2352,0.9261813537675606,0.9107946983284875,174.56766838899784,17,True
1.0,balanced,clahe_gray,6,12,2352,0.9158365261813538,0.8983336466862268,278.7977293160002,88,True
10.0,balanced,clahe_gray,6,12,2352,0.9091954022988505,0.8912678841091278,311.0471585189953,145,True
0.01,,clahe_hsv,8,9,900,0.7844189016602809,0.7359321914232816,81.34113125700242,12,True
0.1,,clahe_hsv,8,9,900,0.7934865900383141,0.7537111013829091,122.86557359799917,15,True
1.0,,clahe_hsv,8,9,900,0.7885057471264367,0.7506096382999761,110.0869632640024,20,True
10.0,,clahe_hsv,8,9,900,0.7693486590038314,0.729993131358833,187.77079730699916,59,True
0.01,balanced,clahe_hsv,8,9,900,0.7859514687100894,0.7432382152490897,83.40385292300198,12,True
0.1,balanced,clahe_hsv,8,9,900,0.7939974457215837,0.7595485340483272,85.53708300899598,14,True
1.0,balanced,clahe_hsv,8,9,900,0.7883780332056194,0.7464817940352151,106.48367983500066,26,True
10.0,balanced,clahe_hsv,8,9,900,0.7720306513409961,0.7309511048736299,165.98767380299978,97,True
0.01,,clahe_hsv,8,12,1200,0.7915708812260537,0.7494815615337392,48.260400341001514,12,True
0.1,,clahe_hsv,8,12,1200,0.7997445721583653,0.774824538562681,53.446403185000236,15,True
1.0,,clahe_hsv,8,12,1200,0.7885057471264367,0.7606723986383842,65.33836932200211,22,True
10.0,,clahe_hsv,8,12,1200,0.7652618135376756,0.7371194697862021,101.0548197600001,57,True
0.01,balanced,clahe_hsv,8,12,1200,0.7942528735632184,0.7603198236480408,48.91741761699814,12,True
0.1,balanced,clahe_hsv,8,12,1200,0.7991060025542784,0.7677820872883888,55.85565235099784,14,True
1.0,balanced,clahe_hsv,8,12,1200,0.7899106002554278,0.7564841551793898,104.84501345299941,32,True
10.0,balanced,clahe_hsv,8,12,1200,0.7697318007662836,0.7402523512981025,179.84312155500083,139,True
0.01,,clahe_hsv,6,9,1764,0.8407407407407408,0.8185063136802273,142.76062978599657,13,True
0.1,,clahe_hsv,6,9,1764,0.8362707535121329,0.8148586547753858,159.8020753439996,15,True
1.0,,clahe_hsv,6,9,1764,0.8213282247765007,0.7940691927956824,209.40045998099959,29,True
10.0,,clahe_hsv,6,9,1764,0.803448275862069,0.7701481347425102,317.2746628189998,80,True
0.01,balanced,clahe_hsv,6,9,1764,0.8412515964240103,0.8141104451748343,147.01262050399964,12,True
0.1,balanced,clahe_hsv,6,9,1764,0.8374201787994892,0.811351994757087,159.35947968899563,15,True
1.0,balanced,clahe_hsv,6,9,1764,0.8223499361430396,0.7925323941006139,223.28428695400362,60,True
10.0,balanced,clahe_hsv,6,9,1764,0.8104725415070243,0.7800430413234154,367.5193544520007,269,True
0.01,,clahe_hsv,6,12,2352,0.8445721583652618,0.8201491557742172,181.17658564799785,13,True
0.1,,clahe_hsv,6,12,2352,0.8357598978288634,0.8103369465889432,198.04991770000197,17,True
1.0,,clahe_hsv,6,12,2352,0.8191570881226053,0.7893400656747881,275.1618801510049,33,True
10.0,,clahe_hsv,6,12,2352,0.801404853128991,0.7661048604117129,238.41524034900067,97,True
0.01,balanced,clahe_hsv,6,12,2352,0.8455938697318007,0.8205314125034373,81.05477596300625,12,True
0.1,balanced,clahe_hsv,6,12,2352,0.8355044699872286,0.8059508940275162,87.91395627999736,16,True
1.0,balanced,clahe_hsv,6,12,2352,0.822477650063857,0.789953194362786,132.2551255080034,76,True
10.0,balanced,clahe_hsv,6,12,2352,0.8054916985951469,0.7735670848912708,214.69240583600185,178,True
